-- MySQL Script generated by MySQL Workbench
-- Wed 31 Jan 2018 04:01:04 PM CET
-- Model: New Model    Version: 1.0
-- MySQL Workbench Forward Engineering

-- -----------------------------------------------------
-- Table `roles`
-- -----------------------------------------------------
DROP TABLE IF EXISTS `roles` ;

CREATE TABLE IF NOT EXISTS `roles` (
  `id` INT UNSIGNED NOT NULL AUTO_INCREMENT,
  `name` VARCHAR(32) NOT NULL,
  `description` TEXT NOT NULL,
  `side` VARCHAR(15) NOT NULL,
  `extension_id` INT UNSIGNED NOT NULL,
  PRIMARY KEY (`id`));


-- -----------------------------------------------------
-- Table `village`
-- -----------------------------------------------------
DROP TABLE IF EXISTS `village` ;

CREATE TABLE IF NOT EXISTS `village` (
  `id` INT UNSIGNED NOT NULL AUTO_INCREMENT,
  `name` VARCHAR(64) NOT NULL,
  `description` TEXT NULL,
  `building` BIT NOT NULL,
  `token` VARCHAR(20) NOT NULL,
  `quantity` INT UNSIGNED NOT NULL,
  `permanent` BIT NOT NULL, 
  PRIMARY KEY (`id`));


-- -----------------------------------------------------
-- Table `extensions`
-- -----------------------------------------------------
DROP TABLE IF EXISTS `extensions` ;

CREATE TABLE IF NOT EXISTS `extensions` (
  `id` INT UNSIGNED NOT NULL AUTO_INCREMENT,
  `name` VARCHAR(64) NOT NULL,
  PRIMARY KEY (`id`));


-- -----------------------------------------------------
-- Table `new_moon`
-- -----------------------------------------------------
DROP TABLE IF EXISTS `new_moon` ;

CREATE TABLE IF NOT EXISTS `new_moon` (
  `id` INT UNSIGNED NOT NULL AUTO_INCREMENT,
  `name` VARCHAR(64) NOT NULL,
  `phase` VARCHAR(20) NOT NULL,
  `event` TEXT NOT NULL,
  `instruction` VARCHAR(256) NULL,
  PRIMARY KEY (`id`));

-- -----------------------------------------------------
-- Data for table `roles`
-- -----------------------------------------------------
START TRANSACTION;
USE `werewolves`;
INSERT INTO `roles` (`id`, `name`, `side`, `description`, `extension_id`) VALUES (1, 'Simple Villageois', 'Village', 'Lorem', 1);
INSERT INTO `roles` (`id`, `name`, `side`, `description`, `extension_id`) VALUES (2, 'Loup-Garou', 'Loup-Garou', 'Lorem', 1);
INSERT INTO `roles` (`id`, `name`, `side`, `description`, `extension_id`) VALUES (3, 'Voyante', 'Village', 'Lorem', 1);
INSERT INTO `roles` (`id`, `name`, `side`, `description`, `extension_id`) VALUES (4, 'Petite-Fille', 'Village', 'Lorem', 1);
INSERT INTO `roles` (`id`, `name`, `side`, `description`, `extension_id`) VALUES (5, 'Sorcière', 'Village', 'Lorem', 1);
INSERT INTO `roles` (`id`, `name`, `side`, `description`, `extension_id`) VALUES (6, 'Chasseur', 'Village', 'Lorem', 1);
INSERT INTO `roles` (`id`, `name`, `side`, `description`, `extension_id`) VALUES (7, 'Cupidon', 'Village', 'Lorem', 1);
INSERT INTO `roles` (`id`, `name`, `side`, `description`, `extension_id`) VALUES (8, 'Voleur', 'Ambigü', 'Lorem', 1);

INSERT INTO `roles` (`id`, `name`, `side`, `description`, `extension_id`) VALUES (9, 'Ancien', 'Village', 'Lorem', 2);
INSERT INTO `roles` (`id`, `name`, `side`, `description`, `extension_id`) VALUES (10, 'Bouc émissaire', 'Village', 'Lorem', 2);
INSERT INTO `roles` (`id`, `name`, `side`, `description`, `extension_id`) VALUES (11, 'Salvateur', 'Village', 'Lorem', 2);
INSERT INTO `roles` (`id`, `name`, `side`, `description`, `extension_id`) VALUES (12, 'Idiot du Village', 'Solitaire', 'Lorem', 2);
INSERT INTO `roles` (`id`, `name`, `side`, `description`, `extension_id`) VALUES (13, 'Joueur de Flûte', 'Village', 'Lorem', 2);
INSERT INTO `roles` (`id`, `name`, `side`, `description`, `extension_id`) VALUES (14, 'Gitane', 'Village', 'Lorem', 2);

INSERT INTO `roles` (`id`, `name`, `side`, `description`, `extension_id`) VALUES (15, 'Enfant Sauvage', 'Ambigü', 'Lorem', 3);
INSERT INTO `roles` (`id`, `name`, `side`, `description`, `extension_id`) VALUES (16, "Chevalier à l'Épée rouillée", 'Village', 'Lorem', 3);
INSERT INTO `roles` (`id`, `name`, `side`, `description`, `extension_id`) VALUES (17, 'Villageois Villageois', 'Village', 'Lorem', 3);
INSERT INTO `roles` (`id`, `name`, `side`, `description`, `extension_id`) VALUES (18, 'Ange', 'Solitaire', 'Lorem', 3);
INSERT INTO `roles` (`id`, `name`, `side`, `description`, `extension_id`) VALUES (19, 'Infect Père des Loups', 'Loup-Garou', 'Lorem', 3);
INSERT INTO `roles` (`id`, `name`, `side`, `description`, `extension_id`) VALUES (20, 'Grand Méchant Loup', 'Loup-Garou', 'Lorem', 3);
INSERT INTO `roles` (`id`, `name`, `side`, `description`, `extension_id`) VALUES (21, 'Soeurs', 'Village', 'Lorem', 3);
INSERT INTO `roles` (`id`, `name`, `side`, `description`, `extension_id`) VALUES (22, 'Frères', 'Village', 'Lorem', 3);
INSERT INTO `roles` (`id`, `name`, `side`, `description`, `extension_id`) VALUES (23, "Montreur d'Ours", 'Village', 'Lorem', 3);
INSERT INTO `roles` (`id`, `name`, `side`, `description`, `extension_id`) VALUES (24, 'Renard', 'Village', 'Lorem', 3);
INSERT INTO `roles` (`id`, `name`, `side`, `description`, `extension_id`) VALUES (25, 'Chien-Loup', 'Ambigü', 'Lorem', 3);
INSERT INTO `roles` (`id`, `name`, `side`, `description`, `extension_id`) VALUES (26, 'Juge Bègue', 'Village', 'Lorem', 3);
INSERT INTO `roles` (`id`, `name`, `side`, `description`, `extension_id`) VALUES (27, 'Abominable Sectaire', 'Solitaire', 'Lorem', 3);
INSERT INTO `roles` (`id`, `name`, `side`, `description`, `extension_id`) VALUES (28, 'Servante Dévouée', 'Ambigü', 'Lorem', 3);
INSERT INTO `roles` (`id`, `name`, `side`, `description`, `extension_id`) VALUES (29, 'Comédien', 'Ambigü', 'Lorem', 3);

INSERT INTO `roles` (`id`, `name`, `side`, `description`, `extension_id`) VALUES (30, 'Loup-Garou Blanc', 'Solitaire', 'Lorem', 4);
INSERT INTO `roles` (`id`, `name`, `side`, `description`, `extension_id`) VALUES (31, 'Corbeau', 'Village', 'Lorem', 4);
INSERT INTO `roles` (`id`, `name`, `side`, `description`, `extension_id`) VALUES (32, 'Pyromane', 'Village', 'Lorem', 4);

COMMIT;

-- -----------------------------------------------------
-- Data for table `extensions`
-- -----------------------------------------------------
START TRANSACTION;
USE `werewolves`;
INSERT INTO `extensions` (`id`, `name`) VALUES (1, 'Thiercelieux');
INSERT INTO `extensions` (`id`, `name`) VALUES (2, 'Nouvelle Lune');
INSERT INTO `extensions` (`id`, `name`) VALUES (3, 'Personnages');
INSERT INTO `extensions` (`id`, `name`) VALUES (4, 'Village');
INSERT INTO `extensions` (`id`, `name`) VALUES (5, 'Site');

COMMIT;


-- -----------------------------------------------------
-- Data for table 'Village'
-- -----------------------------------------------------
START TRANSACTION;
USE `werewolves`;
INSERT INTO `village` (`id`, `name`, `description`, `building`, `token`, `quantity`, `permanent`) VALUES (1, 'Vagabond', 'Lorem', FALSE, 'vagabond', 15, TRUE);
INSERT INTO `village` (`id`, `name`, `description`, `building`, `token`, `quantity`, `permanent`) VALUES (2, 'Ferme', 'Lorem', TRUE, 'vache', 6, TRUE);
INSERT INTO `village` (`id`, `name`, `description`, `building`, `token`, `quantity`, `permanent`) VALUES (3, 'Église', 'Lorem', TRUE, 'confesseur', 1, FALSE);
INSERT INTO `village` (`id`, `name`, `description`, `building`, `token`, `quantity`, `permanent`) VALUES (4, 'Masure', 'Lorem', TRUE, 'potion', 1, FALSE);
INSERT INTO `village` (`id`, `name`, `description`, `building`, `token`, `quantity`, `permanent`) VALUES (5, 'Boulangerie', 'Lorem', TRUE, 'pain', 1, TRUE);
INSERT INTO `village` (`id`, `name`, `description`, `building`, `token`, `quantity`, `permanent`) VALUES (6, 'Barbier', 'Lorem', TRUE, 'rasoir', 1, FALSE);
INSERT INTO `village` (`id`, `name`, `description`, `building`, `token`, `quantity`, `permanent`) VALUES (7, 'Timbale', 'Lorem', TRUE, 'timbale', 1, TRUE);
INSERT INTO `village` (`id`, `name`, `description`, `building`, `token`, `quantity`, `permanent`) VALUES (8, 'Manoir', 'Lorem', TRUE, 'blason', 1, FALSE);
INSERT INTO `village` (`id`, `name`, `description`, `building`, `token`, `quantity`, `permanent`) VALUES (9, 'École', 'Lorem', TRUE, "cloche' d'école", 1, TRUE);
INSERT INTO `village` (`id`, `name`, `description`, `building`, `token`, `quantity`, `permanent`) VALUES (10, 'Bailli', 'Lorem', TRUE, 'clefs', 1, TRUE);

COMMIT;


-- -----------------------------------------------------
-- Data for table `new_moon`
-- -----------------------------------------------------
START TRANSACTION;
USE `werewolves`;
INSERT INTO `new_moon` (`id`, `name`, `phase`, `event`, `instruction`) VALUES (1, 'Somnambulisme', 'Nouvelle Lune', 'Lorem', 'Lorem');
INSERT INTO `new_moon` (`id`, `name`, `phase`, `event`, `instruction`) VALUES (2, 'Toucher mortel', 'Nouvelle Lune', 'Lorem', 'Lorem');
INSERT INTO `new_moon` (`id`, `name`, `phase`, `event`, `instruction`) VALUES (3, 'Bourreau', 'Nouvelle Lune', 'Lorem', 'Lorem');
INSERT INTO `new_moon` (`id`, `name`, `phase`, `event`, `instruction`) VALUES (4, 'Méchant Bredin', 'Nouvelle Lune', 'Lorem', 'Lorem');
INSERT INTO `new_moon` (`id`, `name`, `phase`, `event`, `instruction`) VALUES (5, 'Ensevelissement', 'Nouvelle Lune', 'Lorem', 'Lorem');
INSERT INTO `new_moon` (`id`, `name`, `phase`, `event`, `instruction`) VALUES (6, 'Influences', 'Premier Croissant', 'Lorem', 'Lorem');
INSERT INTO `new_moon` (`id`, `name`, `phase`, `event`, `instruction`) VALUES (7, 'Retour de Flamme', 'Premier Croissant', 'Lorem', 'Lorem');
INSERT INTO `new_moon` (`id`, `name`, `phase`, `event`, `instruction`) VALUES (8, 'le Petiot', 'Premier Croissant', 'Lorem', 'Lorem');
INSERT INTO `new_moon` (`id`, `name`, `phase`, `event`, `instruction`) VALUES (9, 'Mécontentement', 'Premier Croissant', 'Lorem', 'Lorem');
INSERT INTO `new_moon` (`id`, `name`, `phase`, `event`, `instruction`) VALUES (10, 'le Spectre', 'Premier Croissant', 'Lorem', 'Lorem');
INSERT INTO `new_moon` (`id`, `name`, `phase`, `event`, `instruction`) VALUES (11, 'Nuit des Fous', 'Premier Croissant', 'Lorem', 'Lorem');
INSERT INTO `new_moon` (`id`, `name`, `phase`, `event`, `instruction`) VALUES (12, 'Enthousiasme', 'Premier Croissant', 'Lorem', 'Lorem');
INSERT INTO `new_moon` (`id`, `name`, `phase`, `event`, `instruction`) VALUES (13, 'Spiritisme', 'Pleine Lune', 'Lorem', 'Lorem');
INSERT INTO `new_moon` (`id`, `name`, `phase`, `event`, `instruction`) VALUES (14, 'Spiritisme', 'Pleine Lune', 'Lorem', 'Lorem');
INSERT INTO `new_moon` (`id`, `name`, `phase`, `event`, `instruction`) VALUES (15, 'Spiritisme', 'Pleine Lune', 'Lorem', 'Lorem');
INSERT INTO `new_moon` (`id`, `name`, `phase`, `event`, `instruction`) VALUES (16, 'Spiritisme', 'Pleine Lune', 'Lorem', 'Lorem');
INSERT INTO `new_moon` (`id`, `name`, `phase`, `event`, `instruction`) VALUES (17, 'Spiritisme', 'Pleine Lune', 'Lorem', 'Lorem');
INSERT INTO `new_moon` (`id`, `name`, `phase`, `event`, `instruction`) VALUES (18, 'Repas des anciens', 'Pleine Lune', 'Lorem', 'Lorem');
INSERT INTO `new_moon` (`id`, `name`, `phase`, `event`, `instruction`) VALUES (19, 'Radieux dimanche', 'Pleine Lune', 'Lorem', 'Lorem');
INSERT INTO `new_moon` (`id`, `name`, `phase`, `event`, `instruction`) VALUES (20, 'Fin des moissons', 'Pleine Lune', 'Lorem', 'Lorem');
INSERT INTO `new_moon` (`id`, `name`, `phase`, `event`, `instruction`) VALUES (21, 'Miraculée', 'Pleine Lune', 'Lorem', 'Lorem');
INSERT INTO `new_moon` (`id`, `name`, `phase`, `event`, `instruction`) VALUES (22, 'Bonnes manières', 'Pleine Lune', 'Lorem', 'Lorem');
INSERT INTO `new_moon` (`id`, `name`, `phase`, `event`, `instruction`) VALUES (23, 'Sombre lundi', 'Pleine Lune', 'Lorem', 'Lorem');
INSERT INTO `new_moon` (`id`, `name`, `phase`, `event`, `instruction`) VALUES (24, 'Pacte avec le Diable', 'Pleine Lune', 'Lorem', 'Lorem');
INSERT INTO `new_moon` (`id`, `name`, `phase`, `event`, `instruction`) VALUES (25, 'Bal du samedi soir', 'Pleine Lune', 'Lorem', 'Lorem');
INSERT INTO `new_moon` (`id`, `name`, `phase`, `event`, `instruction`) VALUES (26, 'Cuillète sylvestre', 'Pleine Lune', 'Lorem', 'Lorem');
INSERT INTO `new_moon` (`id`, `name`, `phase`, `event`, `instruction`) VALUES (27, 'Éclipse', 'Pleine Lune', 'Lorem', 'Lorem');
INSERT INTO `new_moon` (`id`, `name`, `phase`, `event`, `instruction`) VALUES (28, 'Pile ou Face', 'Pleine Lune', 'Lorem', 'Lorem');
INSERT INTO `new_moon` (`id`, `name`, `phase`, `event`, `instruction`) VALUES (29, 'Grande Méfiance', 'Pleine Lune', 'Lorem', 'Lorem');
INSERT INTO `new_moon` (`id`, `name`, `phase`, `event`, `instruction`) VALUES (30, 'Cauchemar', 'Pleine Lune', 'Lorem', 'Lorem');
INSERT INTO `new_moon` (`id`, `name`, `phase`, `event`, `instruction`) VALUES (31, 'Saint Philippe', 'Pleine Lune', 'Lorem', 'Lorem');
INSERT INTO `new_moon` (`id`, `name`, `phase`, `event`, `instruction`) VALUES (32, 'Qui va à la chasse', 'Pleine Lune', 'Lorem', 'Lorem');
INSERT INTO `new_moon` (`id`, `name`, `phase`, `event`, `instruction`) VALUES (33, 'Déluge', 'Pleine Lune', 'Lorem', 'Lorem');
INSERT INTO `new_moon` (`id`, `name`, `phase`, `event`, `instruction`) VALUES (34, 'ni Moi - ni Loup', 'Pleine Lune', 'Lorem', 'Lorem');
INSERT INTO `new_moon` (`id`, `name`, `phase`, `event`, `instruction`) VALUES (35, 'Châtiment', 'Pleine Lune', 'Lorem', 'Lorem');
INSERT INTO `new_moon` (`id`, `name`, `phase`, `event`, `instruction`) VALUES (36, 'Jour des Fous', 'Pleine Lune', 'Lorem', 'Lorem');

COMMIT;
